ID,WBGene,prob,exons,introns,in_frame,codons,PTC
ch.2047,WBGene00010325,0.876253,"[[103, 266], [318, 594], [644, 871], [914, 883]]","[[267, 317], [595, 643], [872, 913]]",True,"[['ATG', 'AAG'], ['ATA', 'AAA'], ['GTC', 'TCT'], ['TGT', 'TAA']]",False
ch.1227,WBGene00019246,0.552542,"[[116, 651], [697, 841]]","[[652, 696]]",True,"[['ATG', 'ATA'], ['CAA', 'TAA']]","[[85, 'TGA'], [88, 'TAA'], [103, 'TAG'], [679, 'TAA']]"
ch.14503,WBGene00001694,0.949235,"[[119, 402], [513, 742]]","[[403, 512]]",False,"[['ATG', 'GTA'], ['GTT', 'TAA']]","[[190, 'TAG'], [211, 'TAG'], [226, 'TAG'], [259, 'TGA'], [274, 'TGA'], [283, 'TAG'], [298, 'TAA'], [343, 'TGA'], [427, 'TGA']]"
ch.17583,WBGene00015142,0.889669,"[[149, 181], [267, 485]]","[[182, 266]]",True,"[['ATG', 'CTC'], ['AGT', 'TAA']]","[[250, 'TAA']]"
ch.7202,WBGene00009443,0.363824,"[[196, 244], [317, 376], [425, 512], [557, 679]]","[[245, 316], [377, 424], [513, 556]]",False,"[['ATG', 'CGA'], ['AAC', 'TGT'], ['ATA', 'GCT'], ['CGT', 'TGA']]","[[70, 'TAG'], [154, 'TGA'], [160, 'TGA'], [169, 'TAG'], [259, 'TAA']]"
ch.1686,WBGene00009963,0.68044,"[[126, 168], [233, 344], [387, 517]]","[[169, 232], [345, 386]]",False,"[['ATG', 'CTG'], ['TTT', 'CAA'], ['GTA', 'TAG']]","[[118, 'TAA'], [196, 'TGA']]"
ch.10935,WBGene00002012,0.589865,"[[329, 169], [228, 710]]","[[170, 227]]",True,"[['ATG', 'CCT'], ['CCT', 'TAA']]","[[28, 'TAA'], [52, 'TAA'], [82, 'TGA'], [187, 'TAA'], [202, 'TGA'], [226, 'TAG'], [481, 'TAA']]"
ch.7951,WBGene00000835,0.980225,"[[147, 155], [235, 481]]","[[156, 234]]",False,"[['ATG', 'CAG'], ['TAC', 'TAA']]","[[145, 'TGA'], [154, 'TAA'], [187, 'TGA'], [202, 'TGA'], [211, 'TGA']]"
ch.5156,WBGene00045407,0.62992,"[[104, 274], [341, 475], [521, 622]]","[[275, 340], [476, 520]]",True,"[['ATG', 'GAA'], ['AAG', 'AAG'], ['AAA', 'TAA']]","[[406, 'TAA']]"
ch.6764,WBGene00018723,0.480975,"[[102, 415], [488, 586]]","[[416, 487]]",False,"[['ATG', 'AAA'], ['GGA', 'TGA']]","[[148, 'TGA'], [337, 'TGA'], [358, 'TGA'], [376, 'TAA']]"
ch.18625,WBGene00020126,0.685261,"[[140, 242], [298, 477]]","[[243, 297]]",False,"[['ATG', 'CAT'], ['TTT', 'TAG']]","[[82, 'TAG'], [97, 'TGA'], [115, 'TAA'], [118, 'TGA'], [184, 'TAA'], [232, 'TGA']]"
ch.7596,WBGene00018343,0.772703,"[[110, 462], [518, 772]]","[[463, 517]]",False,"[['ATG', 'TTT'], ['GCT', 'TAA']]","[[373, 'TAA'], [376, 'TAA'], [577, 'TGA']]"
ch.14108,WBGene00015742,0.446697,"[[111, 344], [394, 596], [646, 689]]","[[345, 393], [597, 645]]",False,"[['ATG', 'GAG'], ['CTT', 'AAG'], ['TGT', 'TGA']]","[[139, 'TAA'], [142, 'TAA'], [217, 'TGA'], [259, 'TGA'], [301, 'TGA'], [358, 'TGA'], [433, 'TGA']]"
ch.3091,WBGene00020181,0.502182,"[[109, 318], [368, 598]]","[[319, 367]]",True,"[['ATG', 'AAG'], ['ATC', 'TAG']]","[[439, 'TAG']]"
ch.19877,WBGene00008358,0.686241,"[[191, 200], [243, 548]]","[[201, 242]]",False,"[['ATG', 'TGA'], ['GCT', 'TAA']]","[[151, 'TAA'], [184, 'TAA'], [202, 'TGA'], [220, 'TGA'], [226, 'TAG']]"
ch.4651,WBGene00020499,0.903388,"[[102, 317], [369, 619]]","[[318, 368]]",False,"[['ATG', 'CAG'], ['CAA', 'TAA']]","[[313, 'TGA'], [316, 'TGA'], [391, 'TAA']]"
ch.1595,WBGene00011033,0.269175,"[[101, 193], [244, 361], [416, 810]]","[[194, 243], [362, 415]]",True,"[['ATG', 'ATG'], ['GCA', 'CTA'], ['AAG', 'TAA']]","[[364, 'TAA'], [367, 'TAG'], [604, 'TAA']]"
ch.1696,WBGene00009346,0.509152,"[[125, 204], [250, 463], [509, 773]]","[[205, 249], [464, 508]]",False,"[['ATG', 'AAG'], ['TGA', 'AGT'], ['CCA', 'TGA']]","[[436, 'TAA'], [457, 'TAA'], [511, 'TGA'], [517, 'TGA']]"
ch.1162,WBGene00000236,0.791614,"[[103, 650], [713, 841]]","[[651, 712]]",False,"[['ATG', 'CAG'], ['GCT', 'TAA']]","[[169, 'TGA'], [247, 'TAA'], [277, 'TGA'], [349, 'TGA'], [382, 'TGA'], [463, 'TGA'], [514, 'TGA'], [583, 'TAA']]"
ch.7401,WBGene00022597,0.151716,"[[124, 526], [603, 748]]","[[527, 602]]",True,"[['ATG', 'ATC'], ['CAT', 'TAA']]","[[97, 'TGA'], [115, 'TAA'], [127, 'TAA'], [133, 'TGA'], [328, 'TAA'], [547, 'TAA']]"
ch.4771,WBGene00017128,0.550301,"[[104, 181], [234, 458], [503, 580]]","[[182, 233], [459, 502]]",True,"[['ATG', 'CAG'], ['GAC', 'GCT'], ['AAA', 'TAA']]","[[379, 'TAA']]"
ch.2035,WBGene00013725,0.90748,"[[102, 713], [763, 936]]","[[714, 762]]",True,"[['ATG', 'CTT'], ['GAA', 'TAA']]","[[784, 'TAA']]"
ch.1786,WBGene00007644,0.638666,"[[132, 218], [270, 601]]","[[219, 269]]",False,"[['ATG', 'GCC'], ['AAG', 'TAA']]","[[178, 'TAA'], [277, 'TGA'], [316, 'TGA'], [340, 'TGA'], [376, 'TAG']]"
ch.15123,WBGene00007553,0.692288,"[[200, 344], [395, 656], [699, 660]]","[[345, 394], [657, 698]]",True,"[['ATG', 'CAG'], ['TAC', 'GGC'], ['TTC', 'TAA']]",False
ch.10956,WBGene00007881,0.613704,"[[127, 311], [370, 469]]","[[312, 369]]",True,"[['ATG', 'TTA'], ['ATT', 'TAA']]","[[145, 'TGA'], [184, 'TAA'], [283, 'TAA']]"
ch.6628,WBGene00022357,0.436142,"[[120, 309], [423, 458]]","[[310, 422]]",False,"[['ATG', 'AAC'], ['GAT', 'TAA']]","[[193, 'TGA']]"
ch.3570,WBGene00017708,0.435486,"[[115, 204], [272, 548], [605, 705]]","[[205, 271], [549, 604]]",True,"[['ATG', 'GGC'], ['GCT', 'TTG'], ['CAA', 'TAG']]","[[466, 'TAG']]"
ch.10984,WBGene00010274,0.635394,"[[112, 229], [282, 390], [632, 737]]","[[230, 281], [391, 631]]",True,"[['ATG', 'GAA'], ['AAA', 'AAG'], ['TTA', 'TAG']]","[[331, 'TAG']]"
ch.5171,WBGene00007684,0.447962,"[[102, 232], [285, 447], [535, 648]]","[[233, 284], [448, 534]]",True,"[['ATG', 'CAG'], ['AAA', 'CTT'], ['TTG', 'TAG']]","[[223, 'TAA'], [238, 'TAA'], [406, 'TAG']]"
ch.1594,WBGene00004305,0.510016,"[[103, 199], [241, 474], [520, 633]]","[[200, 240], [475, 519]]",False,"[['ATG', 'AAG'], ['GAC', 'AAG'], ['ACC', 'TAG']]","[[274, 'TGA'], [292, 'TGA'], [427, 'TGA']]"
ch.8147,WBGene00015518,0.584316,"[[113, 238], [283, 695]]","[[239, 282]]",False,"[['ATG', 'AGA'], ['ATC', 'TGA']]","[[265, 'TAG'], [478, 'TGA'], [505, 'TGA']]"
ch.8306,WBGene00008040,0.664336,"[[102, 246], [292, 530], [579, 659]]","[[247, 291], [531, 578]]",True,"[['ATG', 'GAG'], ['GAA', 'AAG'], ['ACT', 'TAA']]","[[292, 'TGA'], [313, 'TAA'], [463, 'TAA']]"
ch.6245,WBGene00012187,0.765139,"[[106, 293], [349, 577]]","[[294, 348]]",True,"[['ATG', 'AAT'], ['CCA', 'TGA']]","[[103, 'TGA'], [106, 'TAA'], [112, 'TAA'], [121, 'TAG'], [415, 'TGA']]"
ch.266,WBGene00021347,0.76356,"[[113, 200], [258, 367]]","[[201, 257]]",True,"[['ATG', 'ACA'], ['GAG', 'TAA']]","[[196, 'TAA']]"
ch.1381,WBGene00012029,0.436116,"[[116, 160], [236, 351], [408, 737]]","[[161, 235], [352, 407]]",False,"[['ATG', 'AAG'], ['GCA', 'TCT'], ['TAC', 'TAA']]","[[151, 'TGA'], [211, 'TAA'], [220, 'TGA'], [253, 'TAA'], [271, 'TGA'], [331, 'TGA']]"
ch.7373,WBGene00019631,0.470074,"[[171, 433], [480, 617]]","[[434, 479]]",False,"[['ATG', 'AAA'], ['ATT', 'TAA']]","[[139, 'TAA'], [196, 'TGA'], [391, 'TGA']]"
ch.8307,WBGene00008041,0.451042,"[[101, 196], [246, 310], [416, 553], [621, 788]]","[[197, 245], [311, 415], [554, 620]]",False,"[['ATG', 'AAG'], ['GAA', 'CCA'], ['ACT', 'TGA'], ['ATG', 'TGA']]","[[433, 'TAA'], [448, 'TAA']]"
ch.2099,WBGene00016387,0.578348,"[[108, 327], [388, 482], [541, 660]]","[[328, 387], [483, 540]]",True,"[['ATG', 'TCG'], ['ATT', 'TCG'], ['CGT', 'TGA']]","[[334, 'TAA'], [340, 'TAG'], [433, 'TGA']]"
ch.14671,WBGene00017197,0.51604,"[[120, 288], [361, 409]]","[[289, 360]]",False,"[['ATG', 'ATT'], ['ATG', 'TAG']]","[[115, 'TAA'], [199, 'TGA']]"
ch.4211,WBGene00044666,0.554726,"[[103, 353], [404, 501]]","[[354, 403]]",False,"[['ATG', 'CTA'], ['AAG', 'TAA']]","[[139, 'TAA'], [223, 'TGA'], [235, 'TGA'], [250, 'TAA'], [325, 'TGA']]"
ch.2330,WBGene00011156,0.535807,"[[166, 187], [381, 701]]","[[188, 380]]",False,"[['ATG', 'ACG'], ['TCG', 'TAA']]","[[103, 'TAA']]"
ch.2077,WBGene00016621,0.404645,"[[108, 284], [576, 718], [771, 911]]","[[285, 575], [719, 770]]",False,"[['ATG', 'GAG'], ['ATG', 'AAA'], ['ATC', 'TGA']]",False
ch.5496,WBGene00007022,0.539919,"[[132, 206], [262, 418], [478, 572], [620, 752]]","[[207, 261], [419, 477], [573, 619]]",False,"[['ATG', 'GAC'], ['GAA', 'TTC'], ['GTT', 'GCA'], ['AGC', 'TAA']]","[[247, 'TGA'], [268, 'TGA'], [316, 'TAA'], [331, 'TGA']]"
ch.14340,WBGene00022394,0.476827,"[[115, 192], [242, 336], [384, 513], [561, 783]]","[[193, 241], [337, 383], [514, 560]]",False,"[['ATG', 'ACG'], ['TAT', 'TTT'], ['TCA', 'AGC'], ['TCG', 'TAA']]","[[298, 'TGA'], [307, 'TAG'], [367, 'TAA'], [421, 'TAG'], [439, 'TGA'], [469, 'TGA'], [511, 'TAG']]"
ch.19074,WBGene00002271,0.77189,"[[137, 504], [552, 791]]","[[505, 551]]",False,"[['ATG', 'CAT'], ['ATC', 'TAA']]","[[28, 'TAA'], [187, 'TAG'], [259, 'TGA'], [376, 'TGA']]"
ch.7976,WBGene00016209,0.452875,"[[104, 325], [376, 484]]","[[326, 375]]",False,"[['ATG', 'TTC'], ['AAC', 'TAA']]","[[235, 'TAA'], [238, 'TGA'], [256, 'TAA'], [277, 'TGA']]"
ch.15613,WBGene00004151,0.58681,"[[103, 406], [462, 653]]","[[407, 461]]",False,"[['ATG', 'AAA'], ['GGA', 'TAA']]","[[70, 'TAA'], [94, 'TAA'], [151, 'TGA'], [181, 'TAG'], [235, 'TAA'], [301, 'TAA'], [310, 'TAA'], [373, 'TGA'], [400, 'TGA'], [403, 'TAA'], [454, 'TGA'], [478, 'TGA'], [481, 'TAG'], [484, 'TAA']]"
ch.2329,WBGene00011155,0.499109,"[[118, 142], [361, 642]]","[[143, 360]]",False,"[['ATG', 'ACG'], ['TTG', 'TAA']]","[[106, 'TAA'], [133, 'TGA'], [169, 'TGA']]"
ch.13350,WBGene00019178,0.589271,"[[106, 464], [510, 727], [774, 873]]","[[465, 509], [728, 773]]",False,"[['ATG', 'TTT'], ['GGA', 'AGC'], ['TGG', 'TAA']]","[[532, 'TGA'], [586, 'TGA']]"
ch.9927,WBGene00021199,0.608391,"[[158, 249], [347, 444]]","[[250, 346]]",False,"[['ATG', 'TCT'], ['TGT', 'TAA']]","[[139, 'TAA']]"
ch.1172,WBGene00017068,0.829402,"[[178, 392], [443, 602]]","[[393, 442]]",True,"[['ATG', 'TGC'], ['TCC', 'TAA']]","[[13, 'TGA'], [52, 'TAG'], [373, 'TAA']]"
ch.7595,WBGene00018342,0.635345,"[[101, 464], [510, 624], [670, 768]]","[[465, 509], [625, 669]]",False,"[['ATG', 'TTT'], ['GAA', 'AAG'], ['AAC', 'TAA']]","[[166, 'TGA'], [169, 'TAG'], [190, 'TGA'], [364, 'TGA']]"
ch.18779,WBGene00001945,0.258612,"[[117, 388], [441, 625]]","[[389, 440]]",False,"[['ATG', 'TCG'], ['CTC', 'TAA']]","[[196, 'TGA'], [265, 'TGA'], [337, 'TGA']]"
ch.14734,WBGene00001915,0.287117,"[[144, 278], [327, 390], [493, 729]]","[[279, 326], [391, 492]]",False,"[['ATG', 'CAG'], ['CCA', 'CCG'], ['GTT', 'TAA']]","[[172, 'TAG'], [430, 'TAA']]"
